{"0": {"name": "t", "x": 179.41196236559142, "y": 79.44188345473464}, "1": {"name": "6", "x": 239.54012096774198, "y": 519.9517689906347}}