{"0": {"name": "\u043d\u0430\u0447\u0430\u043b\u043e \u0437\u0443\u0431\u0446\u0430 P, \u043d\u0430\u0447\u0430\u043b\u043e \u0438\u043d\u0442\u0435\u0440\u0432\u0430\u043b\u0430 PQ", "x": 143.999059139785, "y": -4.158532778355891}, "1": {"name": "\u0437\u0443\u0431\u0435\u0446 P", "x": 179.0430779569893, "y": 77.29828303850155}, "2": {"name": "\u043a\u043e\u043d\u0435\u0446 \u0437\u0443\u0431\u0446\u0430 P, \u043d\u0430\u0447\u0430\u043b\u043e \u0441\u0435\u0433\u043c\u0435\u043d\u0442\u0430 PQ", "x": 194.90510752688175, "y": -10.589334027055145}, "3": {"name": "\u043a\u043e\u043d\u0435\u0446 \u0438\u043d\u0442\u0435\u0440\u0432\u0430\u043b\u0430 PQ, \u043a\u043e\u043d\u0435\u0446 \u0441\u0435\u0433\u043c\u0435\u043d\u0442\u0430 PQ, \u043d\u0430\u0447\u0430\u043b\u043e \u043a\u043e\u043c\u043f\u043b\u0435\u043a\u0441\u0430 QRS, \u043d\u0430\u0447\u0430\u043b\u043e \u0438\u043d\u0442\u0435\u0440\u0432\u0430\u043b\u0430 QT", "x": 219.62036290322584, "y": -22.37913631633711}, "4": {"name": "\u0437\u0443\u0431\u0435\u0446 Q", "x": 227.36693548387103, "y": -82.39994797086365}, "5": {"name": "\u0437\u0443\u0431\u0435\u0446 R", "x": 239.9090053763441, "y": 521.0235691987514}, "6": {"name": "\u0437\u0443\u0431\u0435\u0446 S", "x": 251.3444220430108, "y": -200.28236890467485}, "7": {"name": "\u043a\u043e\u043d\u0435\u0446 \u043a\u043e\u043c\u043f\u043b\u0435\u043a\u0441\u0430 QRS, \u043d\u0430\u0447\u0430\u043b\u043e \u0441\u0435\u0433\u043c\u0435\u043d\u0442\u0430 ST", "x": 266.83756720430114, "y": -21.335538696037247}, "8": {"name": "\u043a\u043e\u043d\u0435\u0446 \u0441\u0435\u0433\u043c\u0435\u043d\u0442\u0430 ST, \u043d\u0430\u0447\u0430\u043b\u043e \u0437\u0443\u0431\u0446\u0430 T", "x": 288.60174731182803, "y": -10.167024676363894}, "9": {"name": "\u0437\u0443\u0431\u0435\u0446 T", "x": 378.9784274193549, "y": 299.200813668588}, "10": {"name": "\u043a\u043e\u043d\u0435\u0446 \u0438\u043d\u0442\u0435\u0440\u0432\u0430\u043b\u0430 QT, \u043a\u043e\u043d\u0435\u0446 \u0437\u0443\u0431\u0446\u0430 T", "x": 414.76021505376355, "y": -11.283876078331218}}